{"OutputFileHashSum":"FBFFB1BD1B0A1B2F4B17F2A0EFBB26497E4D29EF825729E41C70E97E06C66801","Converted":true,"OutputModifyDate":"2025-07-28T06:43:38.8082568Z","Metadatas":[],"MetadataTypes":[{"CategoryName":"VuGen.Replay","MetadataTypeName":"HP.LR.Vugen.Iteration","Id":1},{"CategoryName":"VuGen.Replay","MetadataTypeName":"HP.LR.Vugen.NotifyTransaction","Id":2},{"CategoryName":"VuGen.Replay","MetadataTypeName":"HP.LR.Vugen.NotifyAny","Id":3},{"CategoryName":"VuGen.Replay","MetadataTypeName":"Utt.Debugger.Error","Id":4}]}