<?xml version="1.0" encoding="utf-8"?>
<VugenScriptMetadata>
  <ScriptName>VCH2</ScriptName>
  <Protocol>.NET</Protocol>
  <ActionFiles>
    <FileEntry Name="vuser_init.cs" Filter="2" />
    <FileEntry Name="Action.cs" Filter="2" />
    <FileEntry Name="vuser_end.cs" Filter="2" />
  </ActionFiles>
  <GeneralFiles>
    <FileEntry Name="VCH2.usr" Filter="4" />
    <FileEntry Name="default.cfg" Filter="4" />
    <FileEntry Name="default.usp" Filter="4" />
    <FileEntry Name="VCH2.prm" Filter="2" />
    <FileEntry Name="AssemblyInfo.cs" Filter="2" />
    <FileEntry Name="globals.cs" Filter="2" />
    <FileEntry Name="globalsFixed.cs" Filter="2" />
    <FileEntry Name="Script.csproj" Filter="2" />
    <FileEntry Name="Script.csproj.user" Filter="2" />
    <FileEntry Name="Script.props.user" Filter="2" />
    <FileEntry Name="Script.sln" Filter="2" />
    <FileEntry Name="Transaction.dat" Filter="2" />
    <FileEntry Name="Cryptor.cs" Filter="2" />
    <FileEntry Name="bin\" Filter="2" />
    <FileEntry Name="extra\" Filter="2" />
    <FileEntry Name="116476070440.idx" Filter="1" />
    <FileEntry Name="11647607044_1pp.21.idx" Filter="1" />
    <FileEntry Name="11647607044_2U1.443.idx" Filter="1" />
    <FileEntry Name="11647607044_YAR.595.idx" Filter="1" />
    <FileEntry Name="11647607044_YAR.887.idx" Filter="1" />
    <FileEntry Name="1334353440.idx" Filter="1" />
    <FileEntry Name="192824347440.idx" Filter="1" />
    <FileEntry Name="5729234440.idx" Filter="1" />
    <FileEntry Name="Bookmarks.xml" Filter="1" />
    <FileEntry Name="Breakpoints.xml" Filter="1" />
    <FileEntry Name="CompilerLogMetadata.xml" Filter="1" />
    <FileEntry Name="mdrv.log" Filter="1" />
    <FileEntry Name="mdrv_cmd.txt" Filter="1" />
    <FileEntry Name="output.bak" Filter="1" />
    <FileEntry Name="output.txt" Filter="1" />
    <FileEntry Name="OutputColoringDatabase.json" Filter="1" />
    <FileEntry Name="ReplaySummaryReport.xml" Filter="1" />
    <FileEntry Name="ScriptUploadMetadata.xml" Filter="1" />
    <FileEntry Name="UserTasks.xml" Filter="1" />
    <FileEntry Name="VCH.prm.bak" Filter="1" />
    <FileEntry Name="VCH2.prm.bak" Filter="1" />
    <FileEntry Name="VCH2_bak.usr" Filter="1" />
    <FileEntry Name="VCH_Test.prm.bak" Filter="1" />
    <FileEntry Name="data\" Filter="1" />
    <FileEntry Name="obj\" Filter="1" />
  </GeneralFiles>
</VugenScriptMetadata>