<?xml version="1.0" encoding="utf-8"?>
<VugenScriptMetadata>
  <ScriptName>MSSQL_MAOAM_1</ScriptName>
  <Protocol>Java Vuser</Protocol>
  <ActionFiles>
    <FileEntry Name="vuser_init.java" Filter="2" />
    <FileEntry Name="Actions.java" Filter="2" />
    <FileEntry Name="vuser_end.java" Filter="2" />
  </ActionFiles>
  <GeneralFiles>
    <FileEntry Name="MSSQL_MAOAM_1.usr" Filter="4" />
    <FileEntry Name="default.cfg" Filter="4" />
    <FileEntry Name="default.usp" Filter="4" />
    <FileEntry Name="MSSQL_MAOAM_1.prm" Filter="2" />
    <FileEntry Name="NewParam.dat" Filter="2" />
    <FileEntry Name="SQLHelper.java" Filter="2" />
    <FileEntry Name="mssql-jdbc-12.8.1.jre8.jar" Filter="2" />
    <FileEntry Name="mssql-jdbc_auth-12.8.1.x86.dll" Filter="2" />
    <FileEntry Name="Bookmarks.xml" Filter="1" />
    <FileEntry Name="Breakpoints.xml" Filter="1" />
    <FileEntry Name="MSSQL_MAOAM_1.prm.bak" Filter="1" />
    <FileEntry Name="ScriptUploadMetadata.xml" Filter="1" />
    <FileEntry Name="UserTasks.xml" Filter="1" />
  </GeneralFiles>
</VugenScriptMetadata>