<?xml version="1.0" encoding="Windows-1252"?><Metadata><Ms><It Ln="52" O="0" M="Utt.Debugger.Info" T="__________________________________________________&#xD;&#xA;"><P F=" " N="9999999" C="0" /></It><It Ln="81" O="0" M="Utt.Debugger.Info" T="Project &quot;\\10.6.1.81\daten$\SVM\_Skripte\VCH\VCH\Script.sln&quot; (Build target(s)):&#xD;&#xA;"><P F=" " N="9999999" C="0" /></It><It Ln="52" O="0" M="Utt.Debugger.Info" T="__________________________________________________&#xD;&#xA;"><P F=" " N="9999999" C="0" /></It><It Ln="149" O="0" M="Utt.Debugger.Info" T="Project &quot;\\10.6.1.81\daten$\SVM\_Skripte\VCH\VCH\Script.sln&quot; is building &quot;\\10.6.1.81\daten$\SVM\_Skripte\VCH\VCH\Script.csproj&quot; (default targets):&#xD;&#xA;"><P F=" " N="9999999" C="0" /></It><It Ln="491" O="0" M="Utt.Debugger.Warning" T=" The reference assemblies for framework &quot;.NETFramework,Version=v4.6.2&quot; were not found. To resolve this, install the SDK or Targeting Pack for this framework version or retarget your application to a version of the framework for which you have the SDK or Targeting Pack installed. Note that assemblies will be resolved from the Global Assembly Cache (GAC) and will be used in place of reference assemblies. Therefore your assembly may not be correctly targeted for the framework you intend.&#xD;&#xA;"><P F="C:\Windows\Microsoft.NET\Framework\v4.0.30319\Microsoft.Common.targets" N="983" C="0" /></It><It Ln="573" O="0" M="Utt.Debugger.Warning" T=" There was a mismatch between the processor architecture of the project being built &quot;MSIL&quot; and the processor architecture of the reference &quot;C:\Windows\Microsoft.NET\Framework\v4.0.30319\mscorlib.dll&quot;, &quot;x86&quot;. This mismatch may cause runtime failures. Please consider changing the targeted processor architecture of your project through the Configuration Manager so as to align the processor architectures between your project and references, or take a dependency on references with a processor architecture that matches the targeted processor architecture of your project.&#xD;&#xA;"><P F="C:\Windows\Microsoft.NET\Framework\v4.0.30319\Microsoft.Common.targets" N="1605" C="0" /></It><It Ln="40" O="0" M="Utt.Debugger.Info" T="Done building project &quot;Script.csproj&quot;.&#xD;&#xA;"><P F=" " N="9999999" C="0" /></It><It Ln="18" O="0" M="Utt.Debugger.Info" T="No errors detected" /></Ms></Metadata>