﻿<DataObject comparison="Ordinal">
  <Section id="">
    <Subsections>
      <Section id="General">
        <Subsections />
        <Entries>
          <Entry key="ElapsedTime">
            <double>129.837853</double>
          </Entry>
          <Entry key="StartedAt">
            <dateTime>2025-07-28T08:54:54.3206544+02:00</dateTime>
          </Entry>
          <Entry key="EndedAt">
            <dateTime>2025-07-28T08:57:04.1585074+02:00</dateTime>
          </Entry>
          <Entry key="ReplayStatus">
            <LastReplayRunStatus>Passed</LastReplayRunStatus>
          </Entry>
          <Entry key="NumberOfReplayErrors">
            <int>0</int>
          </Entry>
          <Entry key="NumberOfReplayCriticalErrors">
            <int>0</int>
          </Entry>
          <Entry key="NumberOfCompilationErrors">
            <int>0</int>
          </Entry>
        </Entries>
      </Section>
    </Subsections>
    <Entries>
      <Entry key="Iterations">
        <int>16</int>
      </Entry>
    </Entries>
  </Section>
</DataObject>