<?xml version="1.0" encoding="utf-8"?>
<VugenScriptMetadata>
  <ScriptName>VCH</ScriptName>
  <Protocol>.NET</Protocol>
  <ActionFiles>
    <FileEntry Name="vuser_init.cs" Filter="2" />
    <FileEntry Name="Action.cs" Filter="2" />
    <FileEntry Name="vuser_end.cs" Filter="2" />
  </ActionFiles>
  <GeneralFiles>
    <FileEntry Name="VCH.usr" Filter="4" />
    <FileEntry Name="default.cfg" Filter="4" />
    <FileEntry Name="default.usp" Filter="4" />
    <FileEntry Name="VCH.prm" Filter="2" />
    <FileEntry Name="AssemblyInfo.cs" Filter="2" />
    <FileEntry Name="globals.cs" Filter="2" />
    <FileEntry Name="globalsFixed.cs" Filter="2" />
    <FileEntry Name="Script.csproj" Filter="2" />
    <FileEntry Name="Script.csproj.user" Filter="2" />
    <FileEntry Name="Script.props.user" Filter="2" />
    <FileEntry Name="Script.sln" Filter="2" />
    <FileEntry Name="Transaction.dat" Filter="2" />
    <FileEntry Name="Cryptor.cs" Filter="2" />
    <FileEntry Name="bin\" Filter="2" />
    <FileEntry Name="extra\" Filter="2" />
    <FileEntry Name="162737775440.idx" Filter="1" />
    <FileEntry Name="16273777544_2T1.297.idx" Filter="1" />
    <FileEntry Name="16273777544_3ID.369.idx" Filter="1" />
    <FileEntry Name="16273777544_3Vy.55.idx" Filter="1" />
    <FileEntry Name="16273777544_7Ij.787.idx" Filter="1" />
    <FileEntry Name="16273777544_7jS.409.idx" Filter="1" />
    <FileEntry Name="16273777544_ce9.289.idx" Filter="1" />
    <FileEntry Name="16273777544_EA3.165.idx" Filter="1" />
    <FileEntry Name="16273777544_elV.371.idx" Filter="1" />
    <FileEntry Name="16273777544_h1C.923.idx" Filter="1" />
    <FileEntry Name="16273777544_h3H.967.idx" Filter="1" />
    <FileEntry Name="16273777544_Juq.685.idx" Filter="1" />
    <FileEntry Name="16273777544_khl.91.idx" Filter="1" />
    <FileEntry Name="16273777544_Q6n.229.idx" Filter="1" />
    <FileEntry Name="16273777544_q9u.337.idx" Filter="1" />
    <FileEntry Name="16273777544_R7n.503.idx" Filter="1" />
    <FileEntry Name="16273777544_tJi.215.idx" Filter="1" />
    <FileEntry Name="16273777544_uMj.545.idx" Filter="1" />
    <FileEntry Name="16273777544_YAR.185.idx" Filter="1" />
    <FileEntry Name="16273777544_YAR.21.idx" Filter="1" />
    <FileEntry Name="16273777544_YAR.23.idx" Filter="1" />
    <FileEntry Name="16273777544_YAR.275.idx" Filter="1" />
    <FileEntry Name="16273777544_YAR.279.idx" Filter="1" />
    <FileEntry Name="16273777544_YAR.401.idx" Filter="1" />
    <FileEntry Name="16273777544_YAR.41.idx" Filter="1" />
    <FileEntry Name="16273777544_YAR.417.idx" Filter="1" />
    <FileEntry Name="16273777544_YAR.437.idx" Filter="1" />
    <FileEntry Name="16273777544_YAR.527.idx" Filter="1" />
    <FileEntry Name="16273777544_YAR.541.idx" Filter="1" />
    <FileEntry Name="16273777544_YAR.573.idx" Filter="1" />
    <FileEntry Name="16273777544_YAR.647.idx" Filter="1" />
    <FileEntry Name="16273777544_YAR.679.idx" Filter="1" />
    <FileEntry Name="16273777544_YAR.719.idx" Filter="1" />
    <FileEntry Name="16273777544_YAR.763.idx" Filter="1" />
    <FileEntry Name="16273777544_YAR.817.idx" Filter="1" />
    <FileEntry Name="17539807440.idx" Filter="1" />
    <FileEntry Name="82737095440.idx" Filter="1" />
    <FileEntry Name="84824468440.idx" Filter="1" />
    <FileEntry Name="8482446844_Ana.501.idx" Filter="1" />
    <FileEntry Name="8482446844_h4d.729.idx" Filter="1" />
    <FileEntry Name="8482446844_MH8.965.idx" Filter="1" />
    <FileEntry Name="8482446844_NFS.437.idx" Filter="1" />
    <FileEntry Name="8482446844_RiW.563.idx" Filter="1" />
    <FileEntry Name="8482446844_YAR.249.idx" Filter="1" />
    <FileEntry Name="8482446844_YAR.429.idx" Filter="1" />
    <FileEntry Name="8482446844_YAR.623.idx" Filter="1" />
    <FileEntry Name="8482446844_YAR.635.idx" Filter="1" />
    <FileEntry Name="8482446844_YAR.903.idx" Filter="1" />
    <FileEntry Name="Bookmarks.xml" Filter="1" />
    <FileEntry Name="Breakpoints.xml" Filter="1" />
    <FileEntry Name="CompilerLogMetadata.xml" Filter="1" />
    <FileEntry Name="logfile.log" Filter="1" />
    <FileEntry Name="mdrv.log" Filter="1" />
    <FileEntry Name="mdrv_cmd.txt" Filter="1" />
    <FileEntry Name="output.bak" Filter="1" />
    <FileEntry Name="output.txt" Filter="1" />
    <FileEntry Name="OutputColoringDatabase.json" Filter="1" />
    <FileEntry Name="ReplaySummaryReport.xml" Filter="1" />
    <FileEntry Name="ScriptUploadMetadata.xml" Filter="1" />
    <FileEntry Name="TransactionsData.db" Filter="1" />
    <FileEntry Name="UserTasks.xml" Filter="1" />
    <FileEntry Name="VCH.prm.bak" Filter="1" />
    <FileEntry Name="VCH_bak.usr" Filter="1" />
    <FileEntry Name="VCH_Test.prm.bak" Filter="1" />
    <FileEntry Name="data\" Filter="1" />
    <FileEntry Name="obj\" Filter="1" />
  </GeneralFiles>
</VugenScriptMetadata>