<?xml version="1.0" encoding="utf-8"?>
<VugenScriptMetadata>
  <ScriptName>ExtMonitor_DataSourceAvailability</ScriptName>
  <Protocol>.NET</Protocol>
  <ActionFiles>
    <FileEntry Name="vuser_init.cs" Filter="2" />
    <FileEntry Name="Action.cs" Filter="2" />
    <FileEntry Name="vuser_end.cs" Filter="2" />
  </ActionFiles>
  <GeneralFiles>
    <FileEntry Name="ExtMonitor_DataSourceAvailability.usr" Filter="4" />
    <FileEntry Name="default.cfg" Filter="4" />
    <FileEntry Name="default.usp" Filter="4" />
    <FileEntry Name="ExtMonitor_DataSourceAvailability.prm" Filter="2" />
    <FileEntry Name="AssemblyInfo.cs" Filter="2" />
    <FileEntry Name="globals.cs" Filter="2" />
    <FileEntry Name="globalsFixed.cs" Filter="2" />
    <FileEntry Name="Script.csproj" Filter="2" />
    <FileEntry Name="Script.csproj.user" Filter="2" />
    <FileEntry Name="Script.props.user" Filter="2" />
    <FileEntry Name="Script.sln" Filter="2" />
    <FileEntry Name="Params.dat" Filter="2" />
    <FileEntry Name="LogfileArchiver.cs" Filter="2" />
    <FileEntry Name="NrqlRequest.cs" Filter="2" />
    <FileEntry Name="Cryptor.cs" Filter="2" />
    <FileEntry Name="bin\" Filter="2" />
    <FileEntry Name="extra\" Filter="2" />
    <FileEntry Name="167020581440.idx" Filter="1" />
    <FileEntry Name="16702058144_Fjc.21.idx" Filter="1" />
    <FileEntry Name="16702058144_q1a.859.idx" Filter="1" />
    <FileEntry Name="16702058144_YAR.225.idx" Filter="1" />
    <FileEntry Name="16702058144_YAR.379.idx" Filter="1" />
    <FileEntry Name="Bookmarks.xml" Filter="1" />
    <FileEntry Name="Breakpoints.xml" Filter="1" />
    <FileEntry Name="CompilerLogMetadata.xml" Filter="1" />
    <FileEntry Name="ExtMonitor.prm.bak" Filter="1" />
    <FileEntry Name="ExtMonitor_DataSourceAvailability.prm.bak" Filter="1" />
    <FileEntry Name="Ionic.Zip.dll" Filter="1" />
    <FileEntry Name="logfile.log" Filter="1" />
    <FileEntry Name="mdrv.log" Filter="1" />
    <FileEntry Name="mdrv_cmd.txt" Filter="1" />
    <FileEntry Name="output.bak" Filter="1" />
    <FileEntry Name="output.txt" Filter="1" />
    <FileEntry Name="OutputColoringDatabase.json" Filter="1" />
    <FileEntry Name="ReplaySummaryReport.xml" Filter="1" />
    <FileEntry Name="script.csproj.user.bak" Filter="1" />
    <FileEntry Name="ScriptUploadMetadata.xml" Filter="1" />
    <FileEntry Name="UserTasks.xml" Filter="1" />
    <FileEntry Name="obj\" Filter="1" />
  </GeneralFiles>
</VugenScriptMetadata>