<?xml version="1.0" encoding="utf-8"?>
<VugenScriptMetadata>
  <ScriptName>MSSQL_INTRANET_1</ScriptName>
  <Protocol>Java Vuser</Protocol>
  <ActionFiles>
    <FileEntry Name="vuser_init.java" Filter="2" />
    <FileEntry Name="Actions.java" Filter="2" />
    <FileEntry Name="vuser_end.java" Filter="2" />
  </ActionFiles>
  <GeneralFiles>
    <FileEntry Name="MSSQL_INTRANET_1.usr" Filter="4" />
    <FileEntry Name="default.cfg" Filter="4" />
    <FileEntry Name="default.usp" Filter="4" />
    <FileEntry Name="MSSQL_INTRANET_1.prm" Filter="2" />
    <FileEntry Name="NewParam.dat" Filter="2" />
    <FileEntry Name="SQLHelper.java" Filter="2" />
    <FileEntry Name="mssql-jdbc-12.8.1.jre8.jar" Filter="2" />
    <FileEntry Name="mssql-jdbc_auth-12.8.1.x86.dll" Filter="2" />
    <FileEntry Name="81421894440.idx" Filter="1" />
    <FileEntry Name="8142189444_Q2O.173.idx" Filter="1" />
    <FileEntry Name="8142189444_tNu.501.idx" Filter="1" />
    <FileEntry Name="8142189444_YAR.243.idx" Filter="1" />
    <FileEntry Name="8142189444_YAR.697.idx" Filter="1" />
    <FileEntry Name="Actions.class" Filter="1" />
    <FileEntry Name="Actions.java.bak" Filter="1" />
    <FileEntry Name="Actions.java.sed" Filter="1" />
    <FileEntry Name="Bookmarks.xml" Filter="1" />
    <FileEntry Name="Breakpoints.xml" Filter="1" />
    <FileEntry Name="CompilerLogMetadata.xml" Filter="1" />
    <FileEntry Name="logfile.log" Filter="1" />
    <FileEntry Name="mdrv.log" Filter="1" />
    <FileEntry Name="mdrv_cmd.txt" Filter="1" />
    <FileEntry Name="MFJavaServerLog55600.log" Filter="1" />
    <FileEntry Name="MSSQL_INTRANET_1.prm.bak" Filter="1" />
    <FileEntry Name="MSSQL_INTRANET_1runCommand.bat" Filter="1" />
    <FileEntry Name="output.bak" Filter="1" />
    <FileEntry Name="output.txt" Filter="1" />
    <FileEntry Name="OutputColoringDatabase.json" Filter="1" />
    <FileEntry Name="previous_action_md5_Actions" Filter="1" />
    <FileEntry Name="process_name.log" Filter="1" />
    <FileEntry Name="ReplaySummaryReport.xml" Filter="1" />
    <FileEntry Name="ScriptUploadMetadata.xml" Filter="1" />
    <FileEntry Name="SQLHelper.class" Filter="1" />
    <FileEntry Name="systemProperties.log" Filter="1" />
    <FileEntry Name="TransactionsData.db" Filter="1" />
    <FileEntry Name="UserTasks.xml" Filter="1" />
    <FileEntry Name="miscellaneous\" Filter="1" />
  </GeneralFiles>
</VugenScriptMetadata>