<?xml version="1.0" encoding="utf-8"?>
<VugenScriptMetadata>
  <ScriptName>Servicekatalog_Exporter</ScriptName>
  <Protocol>.NET</Protocol>
  <ActionFiles>
    <FileEntry Name="vuser_init.cs" Filter="2" />
    <FileEntry Name="Action.cs" Filter="2" />
    <FileEntry Name="vuser_end.cs" Filter="2" />
  </ActionFiles>
  <GeneralFiles>
    <FileEntry Name="Servicekatalog_Exporter.usr" Filter="4" />
    <FileEntry Name="default.cfg" Filter="4" />
    <FileEntry Name="default.usp" Filter="4" />
    <FileEntry Name="AssemblyInfo.cs" Filter="2" />
    <FileEntry Name="globals.cs" Filter="2" />
    <FileEntry Name="globalsFixed.cs" Filter="2" />
    <FileEntry Name="Script.csproj" Filter="2" />
    <FileEntry Name="Script.csproj.user" Filter="2" />
    <FileEntry Name="Script.props.user" Filter="2" />
    <FileEntry Name="Script.sln" Filter="2" />
    <FileEntry Name="SharepointModule.cs" Filter="2" />
    <FileEntry Name="ServiceObject.cs" Filter="2" />
    <FileEntry Name="bin\" Filter="2" />
    <FileEntry Name="extra\" Filter="2" />
    <FileEntry Name="Bookmarks.xml" Filter="1" />
    <FileEntry Name="Breakpoints.xml" Filter="1" />
    <FileEntry Name="CompilerLogMetadata.xml" Filter="1" />
    <FileEntry Name="mdrv.log" Filter="1" />
    <FileEntry Name="mdrv_cmd.txt" Filter="1" />
    <FileEntry Name="output.bak" Filter="1" />
    <FileEntry Name="output.txt" Filter="1" />
    <FileEntry Name="OutputColoringDatabase.json" Filter="1" />
    <FileEntry Name="ReplaySummaryReport.xml" Filter="1" />
    <FileEntry Name="ScriptUploadMetadata.xml" Filter="1" />
    <FileEntry Name="TransactionsData.db" Filter="1" />
    <FileEntry Name="UserTasks.xml" Filter="1" />
    <FileEntry Name="obj\" Filter="1" />
  </GeneralFiles>
</VugenScriptMetadata>